-- phpMyAdmin SQL Dump
-- version 4.1.14
-- http://www.phpmyadmin.net
--
-- Client :  127.0.0.1
-- Généré le :  Mer 10 Décembre 2014 à 09:03
-- Version du serveur :  5.6.17
-- Version de PHP :  5.5.12

SET SQL_MODE = "NO_AUTO_VALUE_ON_ZERO";
SET time_zone = "+00:00";


/*!40101 SET @OLD_CHARACTER_SET_CLIENT=@@CHARACTER_SET_CLIENT */;
/*!40101 SET @OLD_CHARACTER_SET_RESULTS=@@CHARACTER_SET_RESULTS */;
/*!40101 SET @OLD_COLLATION_CONNECTION=@@COLLATION_CONNECTION */;
/*!40101 SET NAMES utf8 */;

--
-- Base de données :  `hehlan`
--

-- --------------------------------------------------------

--
-- Structure de la table `equipes`
--

CREATE TABLE IF NOT EXISTS `equipes` (
  `id_equipes` int(10) unsigned NOT NULL AUTO_INCREMENT,
  `nom` varchar(255) COLLATE utf8_unicode_ci NOT NULL,
  `mot_de_passe` varchar(255) COLLATE utf8_unicode_ci NOT NULL,
  `tag` varchar(255) COLLATE utf8_unicode_ci NOT NULL,
  PRIMARY KEY (`id_equipes`)
) ENGINE=InnoDB  DEFAULT CHARSET=utf8 COLLATE=utf8_unicode_ci AUTO_INCREMENT=54 ;

--
-- Contenu de la table `equipes`
--

INSERT INTO `equipes` (`id_equipes`, `nom`, `mot_de_passe`, `tag`) VALUES
(1, 'HeHLan', '71255f05f1e1c850e9ce9444c4df6ef19de94bf3', ''),
(2, 'MABITE', '9e526f31fe73de15917042edb4ffe0e784964911', ''),
(3, 'Belgian Inoffensive Team', 'b7abd917d9ce7f673118c0b91c1f89fd1826ae0e', 'BIT'),
(6, 'Inception eSport', 'bf5ee40f79d5ef93846203f8765fe1e93d757427', 'INC'),
(7, 'Les Tites Fioles', 'efeebd0dca1721a7e9957e49f1bf7c2397f411ec', 'LTF'),
(8, 'Gitan', '9ef65378b90a121f4afd568ccf6ba8211b70ec73', 'GTN'),
(9, 'Olaf Alope', 'e14fb54d109c802ace582107d5df92380c2fac2c', 'Falope'),
(10, 'The Bleeding Rocks', '8875887946c1337a8f53f6be42487a6e805f2570', 'TBgRs'),
(11, 'WeAreVincent', '8b0cf21fdf66586ef141e86c3648a08cb3ae53da', 'WAV'),
(12, 'The LuckyTeam', '7c222fb2927d828af22f592134e8932480637c0d', 'TLuckT'),
(13, 'God Sake', 'a6fe3e3abd90f92175b02011c4a09d8cb1f46ba7', 'GdS'),
(14, 'Les Bifflettes Maison', 'a9abbc7c4c74eb9134aa8113dcc7c6b08d4d404d', 'BIFFLEURS'),
(15, 'Nothing', 'e663ee0bf58f1444cf97a4d74e2ab3fc946acf65', 'NTHG'),
(16, 'NoneEsCape', 'b20b718dfc99003ce86bcfcc211a060a44da9722', 'Noec'),
(17, 'Midget Pineapple Wolverine', '7297448cffbc5d870bb4a89ff7f6aaa527b0d57a', 'MPW'),
(18, 'Les Michel Forever', 'dd69e4459710962f6f4e933c5ef0937e726f9ba1', 'LMF'),
(19, 'Mid Or Feed', '0133c6dd753b8a206c579b9b94614458f125a3aa', 'MOF'),
(20, 'Doctors X', 'c20a8cc2829ee913cc7d2b3db29e4d9891d13ae4', 'Drs x'),
(21, 'JokS', '45a8f00100be17363741702a0215ce0bfb6e5a5d', 'JokS'),
(22, 'Caedem Dominatur', '652598819b4094342c21e49600b56f4650c5e1b7', 'CD'),
(23, 'Belgian Rape Squad', 'b4f93b190692636f9bda2576164f4ade770b272b', 'BRS'),
(24, 'Don''t feed the ginger', 'f07693bf75c21979a43bcde04fefa398fcf0ec0e', 'DFG'),
(25, 'FPMs', 'b7f69ccf5ad23d060863f857eacd2e0619f104d2', 'FPMs'),
(26, 'Dofusian GAMING', '45a8f00100be17363741702a0215ce0bfb6e5a5d', 'ToTard'),
(27, 'The Legion of Nether', '8db45068f4f04c0c40f15fd92c07b1ba2c3b3c34', 'TLegoN'),
(28, 'Tish-cake KaWaii', 'b590407101042440c72b6051dd198c19aeac9d9a', 'TcK'),
(29, 'Gods of Chocolate', '45b781e6ab741ab8373393166098d430a752ddd5', 'GoC'),
(30, 'Murderous Insanity in ET', '0d16eaeea49c14b90703352e0a5c502695ff133f', 'MIIET'),
(31, 'Petits Lézards Tous Nus', '81b519e802e852e62068dd41c9f580453d1bcc0c', 'oPLTNo'),
(32, 'iNPhase', '7644b350aa83c47a1c362949429d7fc1567de0e3', 'iNPh4'),
(33, 'First', 'fc4c86a4a142618066924fd2523e7756d77e2764', '1ST'),
(34, 'Petits Kebabs Volant', 'f6855087b8532477e6328cca23e1382d0435bec8', 'PKV'),
(35, 'Lamastruche Gaming', '876f016e1b27e842647623a2d851df6d3c54d2a0', 'LSG'),
(36, 'La Dream Team', '959b3f6b9b03e7ef1a871bcd289ec968a3ceccfe', 'DTC'),
(37, 'La Nouvelle Génération', '68cfeafceec089fe057bb5e43c7f8baaa2046904', 'LnG Y'),
(38, 'Bloodytearz', 'c7344ca456241be1fa0d720af346fa28bc2bfcb2', 'BDTZ'),
(39, 'Skillshout', 'a24a3b9709ec46f7feb935ca45e1efc5690ae8c7', 'Sks'),
(40, 'Annie''s Firstblood', 'f8d1dca891a29a1da1fb6f77f77da81f4d168ab5', 'AFB'),
(41, 'Reflex Belgium', 'ab895517e48201893f8d17692a5a48b83e545f78', 'RFBE'),
(42, 'Phoenix Team', '12cda3ea3737559dbd7198a4e10dfc2e8b8c175e', 'PT'),
(43, 'ISWEARSHEWAS18', '433b02a5ed76eaed33ae0a65693bc41f3bcb0e69', '+18'),
(44, 'On suce des Schtroumphs', '310613a9c349470b766ada21de64ae5b1b254e4c', 'OSDS'),
(45, 'Je mange des shtroumpfs', '515be7c24076ab0b404081b49ded173792893eae', 'WOOT'),
(46, 'Stupid-Move', '49b804f6ce0e71cd713c8b303dee749d12560447', 'IDCare'),
(47, 'Stupid Move', '49b804f6ce0e71cd713c8b303dee749d12560447', 'SMOve'),
(48, 'Crêpière Tefal', '0265b0abdc8bdb8056f962401d8979d5718cf1f0', 'Tefal'),
(49, 'NIP TA MERE', '7c222fb2927d828af22f592134e8932480637c0d', 'NIPTM'),
(50, 'Go Nerf Karma', '5785776f0c5e4a761aba21577f575362380fb3ea', 'GNK'),
(51, 'C''était une mauvaise idée', '1ffcada64ae82d857561e955867c8e9e2a89048d', 'CeMUI'),
(52, 'Ma grosse bite en plâtre', '3eff9fcc2fb2153f70ffbbd8951fc7e1dbeaf15b', '[MGBEP]'),
(53, 'GoldTeam', '65095b2e79b2523f9a61152c6f8db4a6d27f00d4', 'GDT');

-- --------------------------------------------------------

--
-- Structure de la table `equipes_joueur`
--

CREATE TABLE IF NOT EXISTS `equipes_joueur` (
  `id_joueur_equipes` int(10) unsigned NOT NULL AUTO_INCREMENT,
  `id_joueur` int(10) unsigned NOT NULL,
  `id_equipes` int(10) unsigned NOT NULL,
  PRIMARY KEY (`id_joueur_equipes`),
  KEY `id_equipes` (`id_equipes`),
  KEY `id_joueur` (`id_joueur`)
) ENGINE=InnoDB  DEFAULT CHARSET=utf8 COLLATE=utf8_unicode_ci AUTO_INCREMENT=251 ;

--
-- Contenu de la table `equipes_joueur`
--

INSERT INTO `equipes_joueur` (`id_joueur_equipes`, `id_joueur`, `id_equipes`) VALUES
(2, 4, 1),
(3, 5, 1),
(5, 7, 3),
(6, 8, 3),
(7, 10, 3),
(9, 12, 3),
(10, 13, 1),
(11, 14, 3),
(15, 18, 3),
(17, 19, 6),
(18, 21, 1),
(20, 26, 7),
(21, 29, 8),
(23, 31, 9),
(24, 32, 3),
(26, 36, 10),
(29, 40, 11),
(30, 41, 11),
(31, 42, 11),
(32, 43, 11),
(33, 17, 10),
(34, 45, 12),
(37, 48, 13),
(38, 49, 13),
(39, 50, 13),
(41, 53, 14),
(42, 54, 14),
(43, 55, 14),
(44, 56, 14),
(47, 59, 3),
(48, 60, 3),
(49, 61, 3),
(50, 62, 40),
(51, 63, 17),
(52, 64, 17),
(53, 65, 17),
(54, 66, 18),
(55, 67, 18),
(56, 68, 18),
(57, 69, 17),
(58, 70, 18),
(59, 71, 18),
(61, 72, 19),
(62, 73, 19),
(63, 75, 19),
(64, 58, 20),
(65, 76, 20),
(67, 74, 21),
(68, 81, 22),
(69, 82, 23),
(70, 83, 23),
(71, 80, 14),
(72, 85, 24),
(73, 86, 24),
(75, 88, 24),
(76, 89, 24),
(77, 90, 3),
(78, 91, 3),
(79, 23, 23),
(80, 92, 13),
(81, 94, 25),
(82, 96, 25),
(83, 98, 19),
(84, 99, 25),
(85, 28, 26),
(86, 101, 26),
(87, 100, 26),
(88, 102, 26),
(89, 103, 27),
(90, 104, 28),
(91, 105, 28),
(92, 107, 29),
(93, 108, 29),
(95, 112, 30),
(97, 116, 29),
(98, 109, 29),
(99, 120, 31),
(100, 51, 31),
(101, 121, 31),
(102, 122, 30),
(103, 123, 30),
(104, 131, 23),
(105, 110, 31),
(106, 133, 26),
(107, 137, 32),
(109, 132, 13),
(110, 140, 28),
(111, 141, 28),
(113, 145, 35),
(114, 146, 35),
(116, 147, 35),
(117, 148, 36),
(119, 151, 25),
(123, 154, 38),
(124, 35, 38),
(125, 152, 38),
(126, 153, 38),
(127, 155, 25),
(128, 157, 39),
(130, 158, 39),
(132, 162, 39),
(133, 166, 40),
(134, 167, 40),
(135, 170, 40),
(136, 165, 7),
(137, 173, 7),
(138, 171, 40),
(139, 175, 41),
(140, 25, 7),
(141, 176, 42),
(142, 177, 43),
(143, 163, 43),
(144, 38, 43),
(145, 172, 44),
(146, 180, 44),
(148, 181, 47),
(149, 182, 47),
(150, 183, 47),
(152, 57, 44),
(153, 164, 43),
(154, 37, 43),
(155, 188, 48),
(156, 189, 48),
(157, 190, 48),
(158, 191, 48),
(159, 156, 44),
(160, 193, 48),
(161, 194, 28),
(162, 178, 44),
(163, 196, 49),
(164, 168, 50),
(165, 197, 50),
(166, 198, 49),
(167, 30, 49),
(168, 199, 49),
(169, 200, 50),
(170, 192, 24),
(171, 201, 50),
(172, 203, 50),
(173, 204, 49),
(174, 205, 30),
(175, 206, 38),
(176, 150, 51),
(177, 46, 51),
(178, 202, 51),
(179, 27, 51),
(180, 207, 30),
(181, 33, 10),
(182, 124, 10),
(183, 209, 3),
(184, 77, 52),
(185, 210, 52),
(186, 169, 39),
(187, 174, 7),
(193, 3, 1),
(195, 95, 1),
(198, 130, 52),
(200, 6, 52),
(202, 179, 52),
(207, 136, 53),
(209, 135, 53),
(211, 134, 53),
(215, 125, 10),
(220, 187, 23),
(226, 126, 53),
(228, 84, 53),
(230, 143, 19),
(232, 111, 31),
(237, 186, 23),
(242, 195, 23),
(244, 211, 47),
(250, 144, 47);

-- --------------------------------------------------------

--
-- Structure de la table `joueurs`
--

CREATE TABLE IF NOT EXISTS `joueurs` (
  `id_joueur` int(11) unsigned NOT NULL AUTO_INCREMENT,
  `pseudo` varchar(80) COLLATE utf8_unicode_ci NOT NULL,
  `password` varchar(255) COLLATE utf8_unicode_ci NOT NULL,
  `nom` varchar(255) COLLATE utf8_unicode_ci NOT NULL,
  `prenom` varchar(255) COLLATE utf8_unicode_ci NOT NULL,
  `email` varchar(255) COLLATE utf8_unicode_ci NOT NULL,
  `sexe` varchar(255) COLLATE utf8_unicode_ci NOT NULL,
  `gsm` varchar(255) COLLATE utf8_unicode_ci NOT NULL,
  `paye` tinyint(1) NOT NULL DEFAULT '0',
  `avatar` blob,
  `ecole` varchar(255) COLLATE utf8_unicode_ci DEFAULT NULL,
  `date_de_naissance` date DEFAULT NULL,
  `level` smallint(6) NOT NULL DEFAULT '5',
  PRIMARY KEY (`id_joueur`)
) ENGINE=InnoDB  DEFAULT CHARSET=utf8 COLLATE=utf8_unicode_ci AUTO_INCREMENT=215 ;

--
-- Contenu de la table `joueurs`
--

INSERT INTO `joueurs` (`id_joueur`, `pseudo`, `password`, `nom`, `prenom`, `email`, `sexe`, `gsm`, `paye`, `avatar`, `ecole`, `date_de_naissance`, `level`) VALUES
(3, 'fliwdeir', '958fed79fb78fcffd227d19c0eb417315d6eaf6b', 'Granger', 'Wilfried', 'fliwdeir@gmail.com', 'h', '', 0, NULL, NULL, '1991-06-04', 1),
(4, 'Zelof', '17cab9607e341778e9e846eef9716f9798f4a0df', 'Tollet', 'Morison', 'morisontollet@gmail.com', 'h', '0499203761', 0, NULL, NULL, '1990-01-08', 5),
(5, 'lion24', 'bc6928e61866be72422ae419c3396c08983ad9b2', 'Hubaut', 'Lionel', 'lionel_dell24@hotmail.com', 'h', '', 0, NULL, NULL, '1991-07-24', 5),
(6, 'Canon6etoiles', '60c7c638246d60c1c33bd044c5184f205b40746e', 'Canon', 'Geoffrey', 'geoffreycanon@hotmail.com', 'h', 'tg', 1, NULL, NULL, '1989-10-05', 5),
(7, 'LittleS4T4N', '05e2e46d07c2c812626a556e255a62af9579cd67', 'Cremer', 'Samuel', 'samuel.cremer@heh.be', 'h', '', 1, NULL, NULL, '1982-06-09', 5),
(8, 'Krogoh', '19ea16d69c14b3250c6350c14b1cfee0dd706cb1', 'Miller', 'Ivan', 'ivan.miller@heh.be', 'h', '', 1, NULL, NULL, '1982-07-11', 5),
(10, 'Psychopaf', '5d4312fbeac4d44ba48f2fe8d0c0e8dd5542ccbc', 'De Pauw', 'Jérémy', 'jeremy.dpw@gmail.com', 'h', '0498283744', 1, NULL, NULL, '1979-10-29', 5),
(12, 'Rawnur', '2b82e6f6e20ccc2643b037e91fbd51dcd0950317', 'Petein', 'Thomas', 'peteinthomas@gmail.com', 'h', '', 1, NULL, NULL, '1984-09-04', 5),
(13, 'Guerrier666', '565d33c5262b552c24b56ce2c639ff2fc9b1df8c', 'Soumoy', 'Julien', 'julien.soumoy@gmail.com', 'h', '', 0, NULL, NULL, '1990-08-26', 5),
(14, 'Luke', '9675c921dab2fdcad590bdfcd3125d76635cec13', 'Van Driessche', 'Stéphane', 'svd.isep@gmail.com', 'h', '0491251194', 1, NULL, NULL, '1981-02-19', 5),
(17, 'Spytte is Coming', 'a8514e391757d7816870f321430b426c6a658591', 'Ramirez Gallardo', 'Mathias', 'mathias.ramirez.gallardo@hotmail.com', 'h', '0479580915', 1, NULL, NULL, '1994-03-17', 5),
(18, 'Desert', '786ae7642f057f33c52817c046ad104ae8c2c804', 'Guelette', 'joel', 'joel.guelette@skynet.be', 'h', '0470173888', 1, NULL, NULL, '1965-11-22', 5),
(19, 'zarbisi', '44dcc71a5642b6ddcfc7f962a4c522cdfd459a16', 'Palmeri', 'Raphael', 'raphaelpalmeri3@gmail.com', 'h', '0497317326', 0, NULL, NULL, '1993-11-28', 5),
(20, 'Métronic', 'b38bb37c2b37634875a7bb9f93ea268754ad6b35', 'De Meyer', 'Lucas ', 'metronic@hotmail.be', 'h', '0493564646', 0, NULL, NULL, '1990-01-13', 5),
(21, 'koekjes', 'e972a6963cc37eb87bb5f7144a51feaa0597c8fc', 'De wit', 'Marc', 'marcsolid@hotmail.com', 'h', '/', 0, NULL, NULL, '1988-01-27', 5),
(22, 'Fogz', '0991e2c0bf5f4b16cea885a72a94b390afb8e02f', 'Lefevre', 'Guillaume', 'guillaume_lefevre@msn.com', 'h', '0484/18.33.15', 0, NULL, NULL, '1992-10-29', 5),
(23, 'Thaerith', '45de2892440ab98fb0ffd1af04eaea76e5435583', 'Malengreau', 'Benjamin', 'beanprod@gmail.com', 'h', '0486585506', 1, NULL, NULL, '1992-01-27', 5),
(24, 'Winblast', '09b8b2d4ece1b22590aea2ce6939c97913c45dfd', 'Meyers', 'Maxime', 'maxime.meyers@gmail.com', 'h', '0498536044', 1, NULL, NULL, '1991-12-18', 5),
(25, 'RectoO', 'a8651d04b7d72addea9287f7aa68049b244e6a86', 'Vrielynck', 'Nicolas', 'nicosvrielynck@hotmail.com', 'h', '0032472769282', 1, NULL, NULL, '1992-06-10', 5),
(26, 'ioni', '8bb04785b7904ddeeb52f8697f2c3ce4b844beca', 'Lambert', 'Maximilien', 'apak9544@gmail.com', 'h', '0479060781', 1, NULL, NULL, '1995-10-02', 5),
(27, 'xemnas192', 'f77f1d16b16e01a994d1cca27505517b00823ec1', 'Moreau', 'Benoît', 'moreaubenoit7@gmail.com', 'h', '0478495279', 0, NULL, NULL, '1992-04-08', 5),
(28, 'Witchh Doctor', 'd6c1095407fdbe4997d5fc2bf57a1a5c5f8c10ec', 'Cortisse', 'Jérôme', 'jer.cortisse@gmail.com', 'h', '0475461761', 1, NULL, NULL, '1994-04-08', 5),
(29, 'Boulvay', '9ef65378b90a121f4afd568ccf6ba8211b70ec73', 'MOUTIER', 'Sébastien', 'sebastienmoutier@msn.com', 'h', '0627931706', 0, NULL, NULL, '1985-06-06', 5),
(30, 'Sponos', 'c850058f4dde2e4729d0cfb05abfbfb03af91dcd', 'Marin', 'Tanguy', 'tch4ng@msn.com', 'h', '', 1, NULL, NULL, '1992-01-04', 5),
(31, 'DestroyedParadis', 'e1c31d17ac5a4d25fa5048a05568ba1e8b488dd1', 'Juzen', 'Théo', 'radis1@live.be', 'h', '0474710841', 0, NULL, NULL, '1990-12-05', 5),
(32, 'Sl33p3r', 'c08c1d502b6b40a04a8575ceff5bdf54e5c2b1e6', 'De Veseleer', 'Mehdi', 'thesleeper3@hotmail.com', 'h', '0477729680', 1, NULL, NULL, '1980-09-06', 5),
(33, 'Artanis Pirgis', 'f198b35a4ab52fbd21ff03413b98949467a6ad65', 'Simon', 'Jürgen', 'spyder6@live.be', 'h', '0474265953', 1, NULL, NULL, '1992-09-18', 5),
(34, 'Tøxigrinta', 'dacb7244a8273cd82622f37ed104904e774066ac', 'Mele', 'Santino', 'santino_1313@hotmail.com', 'h', '0495833002', 0, NULL, NULL, '1992-03-20', 5),
(35, 'brasix', '452b856238b607e8258031128240f4fac2be94ef', 'navarra', 'giacomo', 'giacomoo@live.be', 'h', '0474546448', 0, NULL, NULL, '1993-09-16', 5),
(36, 'Téflon', 'f29e3a08b28609b34bae86b70e321b1d90a229ce', 'Taverna', 'Nicolas', 'nicolas.taverna@live.be', 'h', '0475476645', 1, NULL, NULL, '1991-01-23', 5),
(37, 'Nydda', 'b3f50bf9dd306f088f6430eaae8d719855dc8ed9', 'Bastien', 'Florine', 'alexuelle@gmail.com', 'f', '0491247176', 1, NULL, NULL, '1994-04-25', 5),
(38, 'Katax', '56541a58d16d9f42ded54a8f07b7cd43ed736449', 'Bastien', 'Adrien', 'katalistix@hotmail.com', 'h', '0495141980', 1, NULL, NULL, '1991-09-11', 5),
(39, 'Nyuw', '66c3af0ca529fbd89d4577e563abfbf75c5d8732', 'Ehrlich', 'Fabien', 'admin@nyuw.fr', 'h', '+33626875297', 0, NULL, NULL, '1988-12-26', 5),
(40, 'Rothesse', '74db780899088774c45b84a9829cc9099a5b9412', 'Van Damme', 'Diego', 'diegovd18@msn.com', 'h', '0499267340', 0, NULL, NULL, '1993-07-17', 5),
(41, 'Hamsterguys', '8b0cf21fdf66586ef141e86c3648a08cb3ae53da', 'Dauchot', 'César', 'dauchotcesar@gmail.com', 'h', '', 0, NULL, NULL, '1994-09-02', 5),
(42, 'rod0511', '98cb8e5d0207c75d727a0c20547cc123cc8a42fc', 'Verstraeten', 'Adrien', 'adrienverstraeten@gmail.com', 'h', '0483037489', 0, NULL, NULL, '1991-12-18', 5),
(43, 'Skullhards', '0eea4f77f607a20d6ab9911ae092715bbada363f', 'Tricoux', 'Alexandre', 'golgothuz@hotmail.com', 'h', '0499621090', 0, NULL, NULL, '1990-01-06', 5),
(44, 'ximunou', '86cc3ef0ff078e37b1bb5ac8b629232eb5483e5d', 'Venant', 'Christian RJ', 'vntchris@gmail.com', 'h', '0488237507', 0, NULL, NULL, '1993-04-07', 5),
(45, 'ousermont', '526dd707123e19245d7152935a79c2c1fda63441', 'monfort', 'julien', 'julien-monfort@hotmail.be', 'h', '', 0, NULL, NULL, '1992-04-03', 5),
(46, 'Skynyx', '7964902d6c3b80a7b014182c771cdd6c17bc5fc7', 'Coart', 'Jonathan', 'sentinel1988@hotmail.fr', 'h', '0471394369', 0, NULL, NULL, '1988-09-22', 5),
(47, 'LamboX', 'adf2276bfcb02d2fc9ce0eaa24080b5f2747a9b6', 'Valet', 'Quentin', 'valet.quentin@gmail.com', 'h', '0473/39.30.78', 1, NULL, NULL, '1993-10-26', 5),
(48, 'Hexceed', '6b88c2da36027373b39ae95367a0882c0377f68e', 'Brigode', 'Raphael', 'raphael.brigode@gmail.com', 'h', '0498563594', 1, NULL, NULL, '1995-04-02', 5),
(49, 'Happy Nems', 'ba0e05f272e10b61c0ea36e11586b77352d4cbc3', 'Dujardin', 'Quentin', 'duj.quentin@gmail.com', 'h', '0471080325', 1, NULL, NULL, '1995-02-18', 5),
(50, 'NamaTroX', '46e9dc939b03d13b0a9389579ad849c0c53a4ae8', 'justin', 'theisman', 'justin.theisman@gmail.com', 'h', '32479827341', 1, NULL, NULL, '1994-06-12', 5),
(51, 'gosh101', 'f539a227e5323072293b6cb8cbe0e845620d578b', 'Macha', 'Hugo', 'banane@live.be', 'h', '', 1, NULL, NULL, '1991-04-01', 5),
(52, 'Horokrist', '820403a832a5362d909c5c87e8744cb1eb4f6634', 'Verhamme', 'Maxance', 'maxanceverhamme@gmail.com', 'h', '', 0, NULL, NULL, '1990-12-24', 5),
(53, 'iGlooW', '786352c499c5c84f45e49690fa0e4244b9c296f1', 'Desprets', 'Rupert', 'kallallisut@gmail.com', 'h', '', 1, NULL, NULL, '1993-08-05', 5),
(54, 'bou', 'f385f0c916203be6e50817b820b4e750b133ad44', 'Florian', 'Sprimont', 'florian_05@live.be', 'h', 'Tacru', 1, NULL, NULL, '1994-05-20', 5),
(55, 'Zarak', 'e743d1e8fa4ca6410e0443effe25934b2a7de4db', 'Alami', 'Mehdi', 'face.alami@hotmail.com', 'h', '0472608/841', 1, NULL, NULL, '1994-06-14', 5),
(56, 'Salcatin', 'cf3bf811d3dc32ccc81ec5f3b33cda7b8c8f7fff', 'Vray', 'Terry', 'neurodubbass@gmail.com', 'h', '0474341293', 1, NULL, NULL, '1993-07-24', 5),
(57, 'Belgium Flag Zeytenh', 'a5abbf90f26b2b67871be448426322e27644b3ff', 'Bouquieaux', 'jimmy', 'ultrasstorm@hotmail.be', 'h', '0470074235', 1, NULL, NULL, '1994-09-10', 5),
(58, 'Tartines', '53fa9ad5828529ca0632674032a4a4bd2d26f831', 'Maxime', 'compère', 'maxime.compere63@gmail.com', 'h', '33488178851', 0, NULL, NULL, '1995-01-09', 5),
(59, 'Eklatpif', '2ca83a098fb8a4cd7ef7077cb2e6762edc4664b8', 'pringels', 'raphael', 'rpringels@hotmail.com', 'h', '0478/29.13.14', 1, NULL, NULL, '1988-01-20', 5),
(60, 'Entamoeba', '5c683a3d42b5442d0e9430de1110b37ebce95842', 'Monnoye', 'Sarah', 'saralise2@hotmail.com', 'f', '0477 54 13 13', 1, NULL, NULL, '1990-03-08', 5),
(61, 'Eklatburnes', '9f59729c66a3833f17d32a0a4df9d4c29ba6d9c0', 'Victoor', 'Jack', 'jackv22@live.fr', 'h', '0474127628', 0, NULL, NULL, '1988-06-22', 5),
(62, 'JankulaseK', '1e7a4aa6ca49dc6477d7077bb281eba6f224fb90', 'Monaux', 'Martin', 'martin.monaux@gmail.com', 'h', '0498 73 16 80', 1, NULL, NULL, '1991-11-04', 5),
(63, 'Lee Sin', 'e3e08675ff2b4b95d09ebd6772a568a3e616edb2', 'Ingrao', 'Giovanni', 'ingrao.giovanni@gmail.com', 'h', '0479360546', 0, NULL, NULL, '1993-01-04', 5),
(64, 'Suyken', '420837d813a22774b4805f2b0351235e497e9126', 'Oresti', 'Antoine', 'oresti93@gmail.com', 'h', '071761482', 0, NULL, NULL, '1993-05-03', 5),
(65, 'Seyfur', 'c96c000270dba1cac017f75ea91257f713c48544', 'kontomanolis', 'Nico', 'nico-zebest@hotmail.com', 'h', '', 0, NULL, NULL, '1990-01-13', 5),
(66, 'Delikan57', 'cff1479ce8614dd9c9a4501d9bca179ac7eb6e5f', 'Ozturk', 'Koray', 'ozturk.koray@hotmail.be', 'h', '0498014471', 1, NULL, NULL, '1993-12-04', 5),
(67, 'Touza', 'c4e88bbddb7a315527aa982b8a3c18a2cb0d01e1', 'Depreter', 'Johan', 'depreter.johan@gmail.com', 'h', '0476512528', 1, NULL, NULL, '1993-02-22', 5),
(68, 'Rayalok', 'd3526987d2ad94e11c0eccb351ec518f9d8b3296', 'Gava', 'Andrea', 'gavatoni@hotmail.com', 'h', '0496/78.39.84', 1, NULL, NULL, '1994-08-30', 5),
(69, 'Monkey D Allan', '6aa414be8ed2c9a0273625a94ac70dd942b54149', 'Piette', 'Allan', 'piette.allan@gmail.com', 'h', '', 0, NULL, NULL, '1991-10-06', 5),
(70, 'Echofox', '73e1ce75307bd6179bc3d691e30d56d9084687d6', 'Gilian', 'Maxime', 'maxime.gilian@gmail.com', 'h', '0474326469', 1, NULL, NULL, '1995-09-14', 5),
(71, 'Droledami', '47dedc053c566d2a2ee0f5a61cd4a425b919260e', 'Michaux', 'Justin', 'just_a_mich@hotmail.com', 'h', '0484295556', 1, NULL, NULL, '1993-10-05', 5),
(72, 'Playas', 'a1d3ec8a1ca91bcbd57e8a21d17c4c365046f1bd', 'Vercammen', 'Damien', 'damvercam@gmail.com', 'h', '0494/14.43.92', 1, NULL, NULL, '1994-12-05', 5),
(73, 'Origamie', 'e27a0159d29168a1622db0af33b08e5394db2dd7', 'Tamiset', 'quentin', 'quentin.tamiset@gmail.com', 'h', '0477/19 73 41', 1, NULL, NULL, '1993-12-23', 5),
(74, 'Worst fiddle EUW', '85adbd0ee8c89bdb7cc320e7a9f78833f741492d', 'cortisse', 'sebastien', 'creativenatsu.co@gmail.com', 'h', '', 0, NULL, NULL, '1996-11-05', 5),
(75, 'dodop', 'aa2815745e52bfb0cfbf09ef04169dba2468bbb4', 'adam', 'dorian', 'dodo-nageur@hotmail.com', 'h', '0479120902', 1, NULL, NULL, '1995-01-19', 5),
(76, 'Dr Miika', 'fc6934c3317410b83082d90e0654877b9a01daed', 'Carton', 'Mickaël', 'mic-carton@hotmail.fr', 'h', '0650399307', 0, NULL, NULL, '1994-08-12', 5),
(77, 'Narco', '24dfa4a1fb464435a3184049030cd61c1f77195e', 'Deschamps', 'Arnaud', 'arnaud.d91@hotmail.com', 'h', '33479271285', 1, NULL, NULL, '1991-04-12', 5),
(78, 'Helmanath', 'dc6d2840c26fbb184b2fbc19019f1c5d80f543f5', 'Delsarte', 'Samy', 'samynicolat@hotmail.com', 'h', '', 1, NULL, NULL, '1990-06-01', 5),
(79, 'Multidoting', '902142823f4773b946292aa9f03065090e270b05', 'Clavie', 'Bryan', 'claviebryan@hotmail.be', 'h', '0476052684', 0, NULL, NULL, '1992-03-10', 5),
(80, 'malu7800', '3e5f1697fe028dbecd560cb4b395cc8ac266b6af', 'Noëson', 'Guillaume', 'guill-aume@hotmail.com', 'h', '0479641558', 1, NULL, NULL, '1994-04-20', 5),
(81, 'Tomirock', 'fd1f796830450ff3f9400633b020bd32882939ef', 'Van Frausum', 'Tom', 'tomvf@hotmail.com', 'h', '0471205970', 0, NULL, NULL, '1992-10-30', 5),
(82, 'satanasth250', '370900fe9b079889aa87ca7dc6ac7e1d7479bb29', 'peteau', 'thomas', 'satanasth250@hotmail.fr', 'h', '42424242424242', 1, NULL, NULL, '1993-11-19', 5),
(83, 'Wadosh', 'db4c335a75016e950790b3221ffc119781578c93', 'Noël', 'Mike', 'mike.isims@hotmail.com', 'h', '0485100419', 1, NULL, NULL, '1993-07-14', 5),
(84, 'Ander BloodEyes', '71cbcb9012cfa82e888dc3fa30c3de203ffebb49', 'Divoto', 'Andrea', 'divoto.ander.andrea@gmail.com', 'h', '0493165094', 1, NULL, NULL, '1990-08-26', 5),
(85, 'Thorgrim', 'ad205eba3c965d4370f0c5c84aa0292059815d2b', 'Vandries', 'Thomas', 'tho1110mas@hotmail.com', 'h', '0471685399', 1, NULL, NULL, '1993-10-11', 5),
(86, 'Angerfirst', 'b558ffecc699fd4a57108cd93f43f440c999a3d6', 'Debay', 'Günther', 'gunther1st@hotmail.com', 'h', '0496799878', 1, NULL, NULL, '1993-07-29', 5),
(87, 'Kovers', '9a4ce1cbd1b27f4c5f514edfd852d71f4104a77f', 'Vandries', 'Thibauld', 'uhKovers@hotmail.com', 'h', '0477376476', 0, NULL, NULL, '1997-07-17', 5),
(88, 'benauto', '026a43fdbcaa4f8790329e4b44d97ec07d228696', 'Severijns', 'Benjamin', 'benauto8@hotmail.com', 'h', '0473943875', 1, NULL, NULL, '1993-12-13', 5),
(89, 'Nucleaz', '3b4b496a1cb92615ec0fc16f3af05416ecb4070a', 'Fernandez', 'Fabian', 'fernandez.fabian@outlook.com', 'h', '', 1, NULL, NULL, '1993-04-29', 5),
(90, 'roden164', '95f1cf96880f3625a19c89456ee98c5cccfd3515', 'Paulet', 'Gaetan', 'gaetanpaulet@hotmail.com', 'h', '0494/709232', 1, NULL, NULL, '1984-08-06', 5),
(91, 'landre164', '281387129c791e90de4539b2c4139f9e5a392d88', 'André', 'François', 'andrefra1@hotmail.com', 'h', '0498743803', 1, NULL, NULL, '1985-02-08', 5),
(92, 'Webolivieri', '0cd5fcf0a4169ce886f7c1ba698aa0cd7e1d72b7', 'Olivieri', 'Dimitrio', 'thewebolivieri@gmail.com', 'h', '', 1, NULL, NULL, '1995-01-20', 5),
(93, 'Codu', '45d05a2c9d7fcbbddc4b1509e8f05b2946af9ec6', 'Dumont', 'Corentin', 'corentindumont@hotmail.com', 'h', '32477540938', 0, NULL, NULL, '1992-01-10', 5),
(94, 'Fluffy', 'ff1f7ac4be3435b710cb4f5c040d8eab0b1d8d49', 'Cayphas', 'Thibault', 'thibault.cayphas@gmail.com', 'h', '0498842307', 1, NULL, NULL, '1992-08-26', 5),
(95, 'Hextia', '30a9857593c3c39bb4399987c33695d2447481b0', 'de Munck', 'Damien', 'dm_dam@hotmail.com', 'h', '0497193731', 0, NULL, NULL, '1990-10-19', 5),
(96, 'Abysses', '9ed7ac057c79d04573546736614936ae8919941d', 'Pierard', 'Arnaud', 'arnaud.pierard@gmail.com', 'h', '0497 74 95 38', 1, NULL, NULL, '1992-04-30', 5),
(97, 'gwennytoux', '0d50174f3c4b9881853e69dfe11965fd0ecdd62d', 'Mathieu', 'Gwenel', 'gwenel.mat@gmail.com', 'h', '0474810661', 0, NULL, NULL, '1993-01-08', 5),
(98, 'Gaudryk', 'a34d9f4517a9e57014b309c4271490ae428ea898', 'Audry', 'Tytgat', 'audry.tgt@hotmail.com', 'h', '0478369225', 1, NULL, NULL, '1995-12-22', 5),
(99, 'Anga', 'a3ab7b449714c08b6ab990d516c5d93be6dc1ddc', 'Guillaume', 'Dequenne', 'guillaume_dequenne@hotmail.com', 'h', '', 1, NULL, NULL, '1992-12-29', 5),
(100, 'MrNedria', '8be1547f0275a5676e5edcc7f45cdb626943df69', 'Questiaux', 'Adrien', 'nedria3638@gmail.com', 'h', '0474638907', 1, NULL, NULL, '1994-10-11', 5),
(101, 'Alfattarte', '16ef0c098cbf35632f79b7494f02c78197888809', 'Dachy', 'Corentin', 'alfatta_@hotmail.com', 'h', '0496088330', 1, NULL, NULL, '1995-01-11', 5),
(102, 'Alfatta', '6cb5e590d19e9e1808b5f9909ce4336e2f4d1189', 'Mehdi', 'Raynal', 'mehdi.raynal@hotmail.fr', 'h', '0478322360', 1, NULL, NULL, '1994-06-29', 5),
(103, 'lukasobito', 'cd247aa2b5b3f0b54288ba0cb8e23842104b5d77', 'kordupel', 'Lukas', 'sakulvador@hotmail.com', 'h', '0494042752', 0, NULL, NULL, '1997-02-19', 5),
(104, 'craywyn', 'b832ccb4dd22b1b08491c7ba9df74d323a7a38f1', 'Dylan', 'De Schreyer', 'dyl26des@gmail.com', 'h', '0493547042', 0, NULL, NULL, '1993-03-26', 5),
(105, 'Kaethuseth', 'c9379bcb80d6c8bb8617d1e1c96b6d5b4cab577e', 'Hvan', 'Igor', 'gdigor@live.be', 'h', '0489004304', 0, NULL, NULL, '1993-10-02', 5),
(106, 'Ash', 'cc25a0b96733cf084ced1b2bc8f706c4b05c8585', 'Galimberti', 'Henri', 'henri.galimberti@gmail.com', 'h', '0496476677', 0, NULL, NULL, '1979-08-24', 5),
(107, 'Siena', '47084ac01011c835baa23e9e109b2ed63176d682', 'Lebrun', 'Elodie', 'elodielebrun@hotmail.com', 'f', '0496/397268', 0, NULL, NULL, '1992-01-16', 5),
(108, 'Skayard', '4502852e041288be42e20c0217f0e2f9f6fe8b09', 'Thomas', 'Depièreux', 'thomasdepiereux@gmail.com', 'h', '0497889380', 0, NULL, NULL, '1993-03-14', 5),
(109, 'TheBlackDiamond', 'd83dd0ef9c5eaf6c35b247e45b4d445705ab539d', 'Frère', 'Arthur', 'deed_jsaipo@hotmail.com', 'h', '0473666167', 0, NULL, NULL, '1994-09-30', 5),
(110, 'XUltiX', 'e2c678a0b2068910f4ab452924125ea59c1ffe80', 'Urbain', 'Arnaud', 'arnaud-3@outlook.com', 'h', '0494489087', 1, NULL, NULL, '1991-04-06', 5),
(111, 'Danilus', '742075f51e9c941c351e1df8151ed4fd079218d0', 'De Maio', 'Danilo', 'adndan2012@hotmail.fr', 'h', '0477/39/73/80', 1, NULL, NULL, '1992-12-20', 5),
(112, 'Soccielo', '1ff18dda5930325ef11e2ed1c811cea4a90262bc', 'Leclercq', 'Kévin', 'leclercqk@hotmail.fr', 'h', '0471 08 46 48', 1, NULL, NULL, '1993-06-11', 5),
(113, 'Gahkin', 'd630ccfdac7e938041a3551518c328fad86f4ae2', 'STIEVET', 'Maxime', 'maximetidus@msn.com', 'h', '0646465081', 0, NULL, NULL, '1992-01-14', 5),
(114, 'Popol au Cirque', 'fc84308ba3fc5110154a228c90a9f8562a1c6e7a', 'Cely ', 'Juan', 'cely.juan@live.be', 'h', '0485152426', 0, NULL, NULL, '1992-05-11', 5),
(115, 'kazuhya', 'addb457b18832a77d164a47598b56978a12f43e0', 'latteur', 'arnaud', 'arnaud.latteur@live.be', 'h', '0479729324', 0, NULL, NULL, '1990-01-03', 5),
(116, 'trogalt', '80121f3ff41c433d2e8ae35ff2acb854de890e6c', 'dechamps', 'anthony', 'anthony.dechamps@student.uclouvain.be', 'h', '0498/14/73/51', 0, NULL, NULL, '1993-10-27', 5),
(117, 'crisedefoi', 'b95a1096369f8bd7a2c42916f9fd8a88d2623d4e', 'blairon', 'gael', 'blairongael@hotmail.be', 'h', '0476021740', 0, NULL, NULL, '1981-07-09', 5),
(118, 'Er3az', 'fa9c766b22decde409c657f66265a23a941f2afe', 'Roald', 'Targé', 'roald.t@live.be', 'h', '32474919501', 0, NULL, NULL, '1990-01-11', 5),
(119, 'Chat Ringan', '2461c62128932c4a3ce8d43eec80bbd58ec88db0', 'Neybergh', 'Christopher', 'chris0075@live.fr', 'h', '0470023864', 0, NULL, NULL, '1993-06-08', 5),
(120, 'machabastien', 'e004d93c8dd3052e8708f6df13ab69ff133ca818', 'Macha', 'Bastien', 'machabastien@hotmail.com', 'h', '047422282', 1, NULL, NULL, '1993-08-11', 5),
(121, 'Galdesh', 'cdb48df21c7f75560ab7431d864a0fbedb61bba4', 'Bael', 'Boris', 'boris.bael@hotmail.fr', 'h', '0475/241462', 1, NULL, NULL, '1991-07-12', 5),
(122, 'fox2903', '8f76ccc97fffc0fbbf25ddfe9674968b2d3e404f', 'Pagnanini', 'Morgan', 'morgan.pagnanini@gmail.com', 'h', '0495352686', 1, NULL, NULL, '1996-08-20', 5),
(123, 'Greybak', 'df8990cec39dee35e4a8fcacc416da958127923d', 'timmy', 'puffet', 'timmypuffet@hotmail.com', 'h', '0495943148', 1, NULL, NULL, '1993-01-30', 5),
(124, 'Banksyz', '68f23ce207f10a096c7d5429e5b76ff09429383f', 'Bernard', 'Gil', 'bernard_gil@hotmail.fr', 'h', '0495137118', 1, NULL, NULL, '1992-08-14', 5),
(125, 'Shethan', '628e093f170443614442b86ad645216582c8a5df', 'Tihon', 'Jordy', 'supermegagilou@hotmail.com', 'h', '0495137118', 1, NULL, NULL, '1992-12-19', 5),
(126, 'Shyrøw', '414a4681398bf5be14bd84bf127c5d08c3c214dc', 'La Valle', 'Anthony', 'antho001@hotmail.com', 'f', '0472/94.21.65', 1, NULL, NULL, '1991-07-26', 5),
(127, 'rougetta', '18850153f825f7c2f7408b1a79c88dcf221ae1b7', 'anthony', 'ravanelli', 'axythony@hotmail.com', 'h', '0498/32.95.26', 0, NULL, NULL, '1992-09-02', 5),
(128, 'thotwith', '2a0c6617509aeb3f06ea3e050f49e8d0f80d3d3f', 'Renaud', 'Pochet', 'pochetr28@hotmail.be', 'f', '0494767723', 0, NULL, NULL, '1992-02-28', 5),
(129, 'skuyz', 'f6871b4dab158a11e44fe4fbc16d1da48d6ca874', 'Lentz', 'Baptiste', 'bat.lentz@facebook.com', 'f', '0498018398', 0, NULL, NULL, '1991-04-12', 5),
(130, 'Alcyoal', '2c4af14c5c07c5a0d254f95f5c9e6a3d19d027d4', 'Chaussier', 'Stéphane', 'stephane.chaussier@hotmail.com', 'h', '071216964', 1, NULL, NULL, '1993-05-26', 5),
(131, 'Anus42', '9d57fc7f34449f9f63f0fbbd8848bf2f37ab1ec5', 'Antoine', 'Dauwe', 'antoine.dauwe@gmail.com', 'h', '', 1, NULL, NULL, '1993-12-11', 5),
(132, 'Zayzo', '9841c9d325cd3bceec4360869b48acfe690c5522', 'Di marco', 'Alessio', 'raphael.brigode@gmail.com', 'h', '0498563594', 1, NULL, NULL, '1995-01-03', 5),
(133, 'waelan', 'f9104555491a049f77eef68a388040f80ecff87d', 'chafaï', 'Souhaïl', 'sail.waelan@gmail.com', 'h', '0485773328', 1, NULL, NULL, '1994-06-09', 5),
(134, 'ATMbigslick', '3795af6cefd229bba14c39280a902adff138dee7', 'Ost', 'Victorien', 'victorienost@hotmail.com', 'h', '0497/814008', 1, NULL, NULL, '1995-09-27', 5),
(135, 'VeryBadLegend', '55493d328c62fa23f322f483d2b8c1c482ee405e', 'Rosi', 'Thomas', 'thomas.rosi@skynet.be', 'h', '0491614140', 1, NULL, NULL, '1994-08-13', 5),
(136, 'Dekama', '3b68536c8b5f7e8235d91598d9e5f0cfe6ce9b53', 'Barat', 'Kevin', 'ptafix@live.be', 'h', '0493671515', 1, NULL, NULL, '1995-01-31', 5),
(137, 'Lordftw', 'a25c092746b3a8bbaa0eff9bd5160be6a8a1275f', 'Jonas', 'Bogucki', 'fmc-lord@hotmail.com', 'h', '32494860243', 0, NULL, NULL, '1993-07-27', 5),
(138, '1ST_Tr45HxC', 'adededb4485978d3dd42505f5bfea417fbfdcd07', 'Rapaille', 'Fred', 'rapaille.fred@hotmail.com', 'h', '', 0, NULL, NULL, '1981-04-08', 5),
(139, 'DottyLloyd', '5015520d18ee0fa846117af908251745f2f9d842', 'Leclercq', 'Lloyd', 'leclercqlloyd@hotmail.com', 'h', '0495734210', 1, NULL, NULL, '1993-12-15', 5),
(140, 'Atariks', '2048a75dc925fc9da7b8afe20e6d3d6b2d11ac21', 'Vander Beken', 'Kévin', 'kvinvdb@gmail.com', 'h', '0496802499', 0, NULL, NULL, '1993-12-01', 5),
(141, 'Ohgreat', '94829839acf8dcae22af870985b93c3465c7cdcc', 'Ersoy', 'Semih', 'ohgreat92@gmail.com', 'h', '0485611025', 0, NULL, NULL, '1992-12-29', 5),
(142, 'shasha07', '91e68ff1da9f073d30ae7bf75e5aa2811a83205d', 'Vandendriessche', 'Frédéric', 'frederic.vandd@gmail.com', 'h', '0494811164', 0, NULL, NULL, '1992-09-13', 5),
(143, 'Sman3133', '108112f3eeadae1c0ec30b3b2cb6356dd9311edb', 'Vicca', 'Manuel', 'sman3133@gmail.com', 'h', '0471/21.49.25', 1, NULL, NULL, '1993-05-30', 5),
(144, 'igor mono', 'fc422bd62ec3dc70c5528382dd310391ae4cfaf8', 'Jeanmotte', 'Andy', 'andy.jeanmotte@gmail.com', 'h', '0483223282', 1, NULL, NULL, '1997-08-22', 5),
(145, 'MetaxLight', '478815f3115a46d25e77053eb9d37ec120c68e01', 'Vanaubel', 'Kévin', 'sglight@hotmail.com', 'h', '0478/79.71.75', 0, NULL, NULL, '1990-01-02', 5),
(146, 'buenoC6', '3879f435ec7e634eb027895482dcc89d563ec38e', 'Moins', 'Alexian', 'alexian.moins@outlook.com', 'h', '0478797496', 0, NULL, NULL, '1997-05-16', 5),
(147, 'OPMaRSs', '52e83d3d3391ff79f57764a2867f10b745c08604', 'Dupont', 'Arthur', 'DarK_MaRSs@live.be', 'h', '', 0, NULL, NULL, '1997-06-09', 5),
(148, 'Mikeman', 'd275138c68a8f993d16c82eaf8364cb602ad95b5', 'Demeulder', 'Mike', 'demeuldermike@hotmail.com', 'h', '0473368286', 0, NULL, NULL, '1993-07-07', 5),
(149, 'Katnus', 'd7151d0e8080f25ff13ea0493410187e603bae23', 'Seb', 'Daubresse', 'priamsc2@gmail.com', 'h', '0478709261', 0, NULL, NULL, '1996-01-03', 5),
(150, 'wooligan', '1ffcada64ae82d857561e955867c8e9e2a89048d', 'Dufour', 'Laurent', 'thebigredonelau@gmail.com', 'h', '0493111566', 0, NULL, NULL, '1993-06-24', 5),
(151, 'ducoman', '4d0fb475b242228032cbdf6d53924d2538df037b', 'dubois', 'corentin', 'corentindubois575@gmail.com', 'h', '0495736691', 1, NULL, NULL, '1991-07-01', 5),
(152, 'RageManSenior', 'b95a5917d9fc8bea2955d70bdd2d1d2214c89e3a', 'spruyt', 'gabriel', 'gabrieldu7000@hotmail.com', 'h', '0486545338', 0, NULL, NULL, '1992-12-04', 5),
(153, 'xxroroxx', '9fa04a48d15f53b8cfbf0f23ccf36681a9ecca76', 'Crombez', 'Rodrigue', 'rodrigue_crombez@hotmail.com', 'h', '0479267818', 0, NULL, NULL, '1995-07-08', 5),
(154, 'AsylumCoven', '95bae0103bf8391bcd93bb57708571d98b390a0e', 'Mele', 'Santino', 'Happythaiboat@gmail.com', 'h', '0495833002', 0, NULL, NULL, '1992-03-20', 5),
(155, 'Fyren', '05486b379c5df02c85b765d38be335726c4aaeda', 'Wouters', 'Nicolas', 'nicolas_wouters@hotmail.com', 'h', '0478/181908', 1, NULL, NULL, '1987-07-07', 5),
(156, 'handsome smurf', '3af2ff48031be9490da2b770ebd30dff7d35d685', 'Vanlerberghe', 'Seppe', 'sepke_0016@hotmail.com', 'h', '', 1, NULL, NULL, '1992-04-19', 5),
(157, 'Beno50', '2836c0a2497a7e57ddf427d52f1b1c846bf6e022', 'Wattiez', 'Benoit', 'benwatter@hotmail.com', 'h', '0498153265', 1, NULL, NULL, '1993-05-22', 5),
(158, 'Shoutmog', '49a1609142e500aaa7636caafc413666dfd9de56', 'Surin', 'Thierry', 'Bestt_061106@live.be', 'h', '0471855463', 1, NULL, NULL, '1992-08-11', 5),
(159, 'Gs DeadLine56', '3e2cc79db5c1a4509f2e21f098fb6e5f33314667', 'Gallopyn', 'Romain', 'mydeadline56@gmail.com', 'h', '0492852451', 0, NULL, NULL, '1993-06-09', 5),
(160, 'THEDEVASTATOR', '3a78b1105b42837bd46eb7469f1b27aefde1824a', 'Boulahya', 'Saad', 'Boulahya24@gmail.com', 'h', '0498619199', 0, NULL, NULL, '1999-04-24', 5),
(161, 'ToSu91', '69e8638bac694881baa97585f7f235e7a7f1caec', 'surin', 'thomas', 'ythomass123@hotmail.com', 'h', '0493739870', 1, NULL, NULL, '1991-07-25', 5),
(162, 'deadlive', '38f0ecbcf15531f3da1c6df72ebcd3d0decd8ceb', 'salaris', 'flavio', 'flavio4_3_0@hotmail.com', 'h', '0473663901', 1, NULL, NULL, '1987-10-23', 5),
(163, 'Loraline', '8e362f42715ee7b0a3c7ce4f8319b30b4ce6f17a', 'Schils', 'Céline', 'celine.schils@live.fr', 'f', '', 1, NULL, NULL, '1996-08-27', 5),
(164, 'Liytøse', 'ee0a39aae1f45f82e3b41a985f5c2a9c18ac433d', 'Cellières', 'Benjamin', 'benjamincellieres@hotmail.com', 'h', '3271712056', 1, NULL, NULL, '1994-07-22', 5),
(165, 'samarïtan', '4639ae317599466f19b8e12e6d727ca939dddcc9', 'nederlandt', 'nicolas', 'nederlandtnicolas@hotmail.com', 'h', '0471281191', 1, NULL, NULL, '1995-07-20', 5),
(166, 'PuLse Olen', 'e5ef38eab0cde28164d1980dccd1a82c906509ea', 'Uytterhaegen', 'Louis', 'louis_uyt@hotmail.com', 'h', '0477/697332', 1, NULL, NULL, '1992-07-30', 5),
(167, 'Torakh', 'f3173fce1f495be99b80d0cffa5caf4c367e3f86', 'Salvaggio', 'Samuel', 'samuelsalvaggio@ymail.com', 'h', '0478699111', 1, NULL, NULL, '1991-09-02', 5),
(168, 'giovanbaba', 'ef83f6d61000e73b857be1c7bf939e71f93e7aec', 'Fragapane', 'giovanni', 'giovanni.fragapane@gmail.com', 'h', '0479515692', 1, NULL, NULL, '1989-10-28', 5),
(169, 'Yasukiro', '2094f1f5b7e29ab881e6c9709f1bc818894751b9', 'Mazzuca', 'Michaël', 'mazzuca.michael@live.be', 'h', '0499180270', 1, NULL, NULL, '1991-07-04', 5),
(170, 'RaKyora', '2a204a66645c1d065546fa5fea5d3ad060108329', 'DAscanio', 'Julien', 'goup_x@hotmail.com', 'h', '0494218783', 1, NULL, NULL, '1991-06-21', 5),
(171, 'cloud1213', '76de4f6d78f65c5ce0f93daeecb3b8c2afff9b75', 'Duhain', 'Antoine', 'antoine_duhain2@hotmail.be', 'h', '0496473370', 1, NULL, NULL, '1991-11-22', 5),
(172, 'Belgium Flag DzX', '2ffb2b8126d5fda09f44c70c4cd5155674b58bd1', 'Rucquoy', 'Randy', 'drazixx.gamer@hotmail.fr', 'h', '0484/75.94.38', 1, NULL, NULL, '1995-07-02', 5),
(173, 'China', 'dd51f774ce9fc77e0bdc3d29fb77f3a12a85e50f', 'degreve', 'olivier', 'degreveolivier@hotmail.com', 'h', '', 1, NULL, NULL, '1993-11-15', 5),
(174, 'qodex', '24286501eaaf918d5b923a4d8adeede02fab008a', 'Boels', 'Diego', 'diego.boels@hotmail.com', 'h', '0479355441', 1, NULL, NULL, '1991-06-03', 5),
(175, 'hfkill', '5702fda9f34fa0888c70bd008b6deb797aeaeec6', 'hero', 'florent', 'heroflorent@hotmail.fr', 'h', '0497393611', 0, NULL, NULL, '1997-01-08', 5),
(176, 'Blakcat', '5104b19a4475d5e982b4c4189f37e1d91e3c1ad1', 'El kaouri', 'Hamza', 'hamza_el_kaouri@hotmail.fr', 'h', '0486855775', 0, NULL, NULL, '1993-06-22', 5),
(177, 'Chillsforyou', '9b96e46274414df983f0540197d3db79b92f1de0', 'Aurélien', 'Cancilleri', 'cansi4u@gmail.com', 'h', '33652946663', 1, NULL, NULL, '1989-01-18', 5),
(178, 'Morgasme', 'eedf49027ad38932e0db9030bcf175bd9cedc33e', 'tollet', 'morgan', 'morgantollet@gmail.com', 'h', '0477065989', 1, NULL, NULL, '1992-08-20', 5),
(179, 'Unexard', 'ecb7b1894138c389e7c4726ca000966846ffc06c', 'Roman', 'Renaud', 'Unexard@hotmail.com', 'h', '0499335118', 1, NULL, NULL, '1992-03-06', 5),
(180, 'Madixti', 'd57500c85159de7fd839172914114530e7f5b3d4', 'De Geynst', 'Rodolphe', 'rodolphe.degeynst@gmail.com', 'h', '0032478130320', 1, NULL, NULL, '1991-04-30', 5),
(181, 'Florentcle', 'ce350673627e5625ecaed7dae581b4856f44c94f', 'Fritsche', 'Florent', 'sangoku1998@hotmail.com', 'h', '', 1, NULL, NULL, '1998-01-27', 5),
(182, 'bryan6mepu', 'ab9ae1a61dcb520b0e56ecb71eab3a5878c83379', 'bryan', 'joly', 'leroibryan@hotmail.com', 'h', '0497550037', 1, NULL, NULL, '1997-12-02', 5),
(183, 'batllegame', '9a4a45bcec1784db74e79bee7c65145f14ed9bc4', 'steven', 'joly', 'batllegame@gmail.com', 'h', '0472505802', 1, NULL, NULL, '1992-08-28', 5),
(184, 'Lasti', '754017bf14cca6216f93c624f95aa6a961a961df', 'Tyck', 'Geoffrey', 'tyckgeoffrey@gmail.com', 'h', '', 0, NULL, NULL, '1997-01-03', 5),
(185, 'FroZen', '7adfd1322b1064318a21cef44e283c7840d034fe', 'Dormal', 'Maxime', 'maxime--44088@hotmail.com', 'h', '', 0, NULL, NULL, '1998-05-03', 5),
(186, 'Artikthor', '8d5d425b86ec32c9fff9a2ba8aa8054a0c2e2637', 'Faes', 'Sébatsien', 'thesebiseb@gmail.com', 'h', '0475 53 79 60', 1, NULL, NULL, '1993-07-04', 5),
(187, 'Orceus', '5fb3947a146c172a8e5d0d72955147ea7336a866', 'Chaidron', 'Sébastien', 'legendaris@hotmail.be', 'h', '0487362972', 1, NULL, NULL, '1992-12-22', 5),
(188, 'vindoze', '3b2c90032b553a683314b614b871961e8e2f4546', 'Tristan', 'Ledru', 'tristan.ledru@gmail.com', 'h', '0496850169', 1, NULL, NULL, '1990-03-12', 5),
(189, 'wiwi0123', '244de1d23db221f7012ccbb2593c2b923284615b', 'erwan', 'dufour', 'erwandufour@gmail.com', 'h', '0475454533', 1, NULL, NULL, '1990-01-14', 5),
(190, 'Drêdack', '2656c2885316f9a68d43f45151d8e201519eeb33', 'Dubois', 'Sébastien', 'seb-.dubois@hotmail.com', 'h', '0498145440', 1, NULL, NULL, '1991-11-11', 5),
(191, 'Macphalin', 'c5b8daa1764d4405b304f663e00660f11c678d12', 'VR', 'Jimmy', 'J.vanrotthem@gmail.com', 'h', '0498287741', 1, NULL, NULL, '1992-03-28', 5),
(192, 'Kr0usty', '735461cde7b319aa97156d200a32d2f038848cea', 'Cambier', 'Guillaume', 'Cambier.Guillaume@hotmail.com', 'h', '0474399161', 1, NULL, NULL, '1993-01-11', 5),
(193, 'adri0413', 'a01c718b7823e1727ae12820564e5223983ed836', 'pottiez', 'adrien', 'adrien.pot@hotmail.com', 'h', '0476 88 33 04', 1, NULL, NULL, '1991-12-20', 5),
(194, 'Guirlande', '3c29eb6613021783ceb81bbb2bec9e0381ba9619', 'Poulain', 'Damien', 'damienpoulain@gmail.com', 'h', '0477048835', 0, NULL, NULL, '1991-08-02', 5),
(195, 'Navarro', 'b89ae8d33640f08ae79e5e9b877e7ad6d5b89dd6', 'Cerca Mota', 'François', 'francois.cercamota@gmail.com', 'h', '0479177676', 1, NULL, NULL, '1991-10-14', 5),
(196, 'sleve', '044e761c217b6066696f5d7cc194b8f729c82f94', 'thomaere', 'maxime', 'sleve01@msn.com', 'h', '069228663', 1, NULL, NULL, '1990-01-26', 5),
(197, 'eystornt', '8ed1bb94cbba32682e6429aefdae11f7f5e30bec', 'Govaert', 'Simon', 'eystornt@hotmail.com', 'h', '0474224507', 1, NULL, NULL, '1990-02-07', 5),
(198, 'supertinez', '730f62222133f7fec80dc1cd55b51d2e3467e5d8', 'thomaere', 'martin', 'martinthomaere@hotmail.fr', 'h', '0478595536', 1, NULL, NULL, '1992-04-29', 5),
(199, 'Broflovsky', '4b4b04529d87b5c318702bc1d7689f70b15ef4fc', 'Vandeputte', 'Sébastien', 'seeb@live.be', 'h', '0497029191', 1, NULL, NULL, '1992-09-17', 5),
(200, 'Mizark', 'c289510899883412b7720eb989c1586d4a554263', 'Clocquet', 'Xavier', 'xavier.clocquet@gmail.com', 'h', '0483/600.526', 1, NULL, NULL, '1991-01-27', 5),
(201, 'Volgrim', 'c263dea0276f040247ca660fa50fd042ed844482', 'Sosson', 'Thomas', 'thomas.sosson@gmail.com', 'h', '0494038740', 1, NULL, NULL, '1990-10-21', 5),
(202, 'subbyy', '8f50afa605ae31c9fcb4f6a51dee2bd2a17cea5b', 'Lefevre', 'Julien', 'julien.lefevre92@gmail.com', 'h', '', 0, NULL, NULL, '1992-11-10', 5),
(203, 'mrtoshio', '3ae91d246856ac122f4c9f38f231b6f8b23f246b', 'zorai', 'Abdllatif', 'shazroth@gmail.com', 'h', '0498254327', 1, NULL, NULL, '1990-12-06', 5),
(204, 'Louza', 'c850058f4dde2e4729d0cfb05abfbfb03af91dcd', 'Pauwels', 'David', 'jeantuiles19@hotmail.fr', 'h', '', 1, NULL, NULL, '1990-01-17', 5),
(205, 'Soyo', '9f3cbd198f530cb43139dc0a533a51b62f21e495', 'VAN NEROM', 'Yohan', 'barbebleu464@gmail.com', 'h', '0477262250', 1, NULL, NULL, '1994-02-13', 5),
(206, 'Bumblebee', 'a9c323161628887f5fdfb06f6d62706329ade520', 'Ouafik', 'Youness', 'nessyou22@live.be', 'h', '0472073229', 0, NULL, NULL, '1993-11-22', 5),
(207, 'HyzoWeed', 'a8fbbf6b4535999fc9fed4f65e8275b79a1ad26a', 'Rigaux', 'Cantin', 'cantin1400@gmail.com', 'h', '0478/54.77.28', 1, NULL, NULL, '1994-08-11', 5),
(208, 'Yellowpit', 'f04406f524dbd2d8c12fc4006e69f08d68fc15ea', 'torreele', 'peter', 'peter.torreele@gmail.com', 'h', '33478184237', 0, NULL, NULL, '1988-09-12', 5),
(209, 'KaMoKyu', 'fd7826eedd1a09eafedd3911a301a171ade737f8', 'Vanden Dries', 'Virginie', 'vvdries@hotmail.com', 'f', '', 1, NULL, NULL, '1982-03-23', 5),
(210, 'GRAPHH', '2526949983381e3b2711dd9f728233d536694ada', 'Daras', 'Johan', 'johan.daras@gmail.com', 'h', '32471870031', 1, NULL, NULL, '1988-10-02', 5),
(211, 'luffy0612', '2ea347c6196bdd8072c85b1cd7094b493d559347', 'Deweweire', 'Julien', 'joly.steven@outlook.com', 'h', '0032498050160', 0, NULL, NULL, '1992-07-20', 5),
(212, 'Vlad', '3a206d737802955a5cd2d79456cbf30d1b961697', 'Serneels', 'Quentin', 'quentin.serneels@gmail.com', 'h', '0497041326', 0, NULL, NULL, '1992-06-11', 1);

-- --------------------------------------------------------

--
-- Structure de la table `joueurtournoi`
--

CREATE TABLE IF NOT EXISTS `joueurtournoi` (
  `id_JT` int(10) unsigned NOT NULL AUTO_INCREMENT,
  `id_joueur` int(10) unsigned NOT NULL,
  `id_tournoi` int(10) unsigned NOT NULL,
  `pseudoJeux` varchar(255) COLLATE utf8_unicode_ci NOT NULL,
  PRIMARY KEY (`id_JT`),
  KEY `id_tournoi` (`id_tournoi`),
  KEY `id_joueur` (`id_joueur`)
) ENGINE=InnoDB  DEFAULT CHARSET=utf8 COLLATE=utf8_unicode_ci AUTO_INCREMENT=324 ;

--
-- Contenu de la table `joueurtournoi`
--

INSERT INTO `joueurtournoi` (`id_JT`, `id_joueur`, `id_tournoi`, `pseudoJeux`) VALUES
(3, 7, 1, 'LittleS4T4N'),
(4, 7, 2, ''),
(5, 7, 4, ''),
(6, 8, 1, 'Krogoh'),
(7, 8, 2, ''),
(8, 8, 4, ''),
(9, 10, 2, ''),
(10, 10, 4, ''),
(12, 12, 1, 'Rawnur'),
(13, 14, 1, 'Luke'),
(14, 14, 4, ''),
(15, 17, 1, 'Spytte is Coming'),
(23, 18, 1, 'Mumbly'),
(24, 19, 1, 'Zarbisi69'),
(25, 20, 1, 'Métronic'),
(26, 22, 1, 'lamasticoFogzyyy'),
(27, 23, 1, 'Thaerith'),
(28, 23, 2, ''),
(29, 23, 3, ''),
(32, 25, 1, 'RectoO'),
(33, 25, 3, ''),
(34, 26, 1, 'Ionï'),
(35, 27, 1, 'xemnas192'),
(36, 27, 2, ''),
(37, 27, 4, ''),
(38, 28, 1, 'witchh doctor'),
(39, 29, 1, 'Bùliwààyf'),
(40, 30, 1, 'Sponos'),
(42, 31, 1, 'DestroyedParadis'),
(43, 32, 1, 'Sl33p3r012'),
(44, 32, 2, ''),
(45, 32, 4, ''),
(46, 33, 1, 'Artanis Pirgis'),
(47, 33, 2, ''),
(48, 34, 1, 'Tøxigrinta'),
(49, 35, 1, 'brasix'),
(50, 36, 1, 'Téflon'),
(51, 36, 2, ''),
(52, 37, 1, 'Nydda'),
(53, 38, 1, 'Wylénia'),
(54, 39, 1, 'Nyùw'),
(55, 40, 1, 'Rothesse'),
(56, 41, 1, 'Hamsterguys'),
(57, 42, 1, 'rodskilzz'),
(58, 43, 1, 'ImSoTrick'),
(59, 44, 3, ''),
(60, 45, 1, 'ousermont'),
(61, 45, 2, ''),
(62, 45, 4, ''),
(63, 46, 1, 'Skynÿx'),
(64, 46, 2, ''),
(65, 46, 3, ''),
(66, 46, 4, ''),
(67, 47, 1, 'lamborginiss'),
(68, 47, 2, ''),
(69, 47, 3, ''),
(70, 47, 4, ''),
(71, 48, 1, 'HexceedXIV'),
(72, 49, 1, 'Happy Nems'),
(73, 50, 1, 'NamaTrøX'),
(74, 51, 1, 'gosh101'),
(75, 51, 2, ''),
(76, 51, 3, ''),
(77, 51, 4, ''),
(78, 52, 1, 'Horokrist'),
(79, 53, 1, 'iGlooW'),
(80, 53, 3, ''),
(81, 54, 1, 'b0u'),
(82, 55, 1, 'zarak'),
(83, 55, 3, ''),
(84, 56, 1, 'Salcatin'),
(85, 56, 3, ''),
(86, 57, 1, 'BelgiumFlag Zey'),
(87, 58, 1, 'Thedarktartines'),
(88, 59, 1, 'Eklatpif'),
(89, 59, 2, ''),
(90, 59, 4, ''),
(91, 60, 1, 'Entamoeba'),
(92, 61, 1, 'Eklatburnes'),
(93, 61, 2, ''),
(94, 62, 1, 'SGi JankulaseK'),
(95, 63, 1, 'Łee Şin'),
(96, 64, 1, '404NameNotFound'),
(97, 65, 1, 'Seyfur'),
(98, 66, 1, 'Delikan57'),
(99, 67, 1, 'Touzamis'),
(100, 68, 1, 'Rayalok'),
(101, 69, 1, 'Monkey D Allan'),
(102, 70, 1, 'Echofox'),
(103, 61, 4, ''),
(104, 71, 1, 'Droledami'),
(105, 72, 1, 'Playas6150'),
(106, 73, 1, 'Origamie'),
(107, 74, 1, 'Worst Fiddle EUW'),
(108, 75, 1, 'SCARY95'),
(109, 76, 1, 'Dr Miika'),
(110, 77, 1, 'Lyktos'),
(111, 78, 2, ''),
(112, 78, 4, ''),
(113, 79, 1, 'Multidoting'),
(114, 14, 2, ''),
(115, 80, 1, 'Maluuuu'),
(116, 81, 1, 'Tomirock'),
(117, 82, 2, ''),
(118, 83, 1, 'Wadosh'),
(119, 83, 2, ''),
(120, 83, 3, ''),
(121, 83, 4, ''),
(122, 84, 1, 'Ander BloodEyes'),
(123, 84, 2, ''),
(124, 84, 4, ''),
(125, 85, 1, 'Niñian'),
(126, 86, 1, 'Sephïres'),
(127, 87, 1, 'LesG Kovers'),
(128, 88, 1, 'benauto'),
(129, 89, 1, 'Nucleaz'),
(130, 90, 2, ''),
(131, 90, 3, ''),
(132, 91, 2, ''),
(133, 91, 3, ''),
(134, 92, 1, 'Webolivieri'),
(135, 93, 1, 'Codu'),
(136, 94, 1, 'Cpt xFluffy'),
(137, 96, 1, 'Hortator'),
(138, 97, 2, ''),
(139, 97, 3, ''),
(140, 97, 4, ''),
(141, 98, 1, 'Zankisen'),
(142, 99, 1, 'Angakuit'),
(143, 100, 1, 'MrNedria'),
(144, 101, 1, 'Alfattarte'),
(145, 102, 1, 'Alfatta'),
(146, 103, 1, 'lukasobito'),
(147, 104, 1, 'craywyn'),
(148, 105, 1, 'Kaethuseth'),
(149, 106, 4, ''),
(150, 107, 1, 'Great Siena'),
(151, 108, 1, 'Skayard'),
(152, 109, 1, 'BEL BlackDiamond'),
(153, 110, 1, 'XUltiX'),
(154, 111, 1, 'Ditan'),
(155, 111, 3, ''),
(156, 111, 4, ''),
(157, 112, 1, 'Soccielo'),
(158, 113, 1, 'gahkin'),
(159, 114, 1, 'Popol au Cirque'),
(160, 115, 1, 'kazuhya'),
(161, 116, 1, 'trogalt'),
(162, 117, 1, 'crisedefoi'),
(163, 118, 1, 'Er3az'),
(164, 106, 2, ''),
(165, 106, 3, ''),
(166, 119, 1, 'Chat Ringan'),
(167, 120, 1, 'machabastien'),
(168, 120, 2, ''),
(169, 120, 4, ''),
(170, 121, 1, 'Galdesh'),
(171, 122, 1, 'fox2903'),
(172, 123, 1, 'Greybak'),
(173, 124, 1, 'Banksyz'),
(174, 125, 1, 'Shethan'),
(175, 126, 1, 'Shyrøw'),
(176, 126, 3, ''),
(177, 127, 1, 'axythony'),
(178, 127, 3, ''),
(179, 128, 1, 'thotwith'),
(180, 128, 3, ''),
(181, 129, 1, 'skuyz'),
(182, 129, 3, ''),
(184, 131, 2, ''),
(185, 132, 1, 'Zayzo'),
(186, 133, 1, 'Waelan'),
(187, 134, 1, 'ATMbigslick'),
(188, 135, 1, 'VeryBadLegend'),
(189, 136, 1, 'Dekama'),
(190, 137, 1, 'I MET FNATIC IRL'),
(191, 138, 3, ''),
(192, 138, 4, ''),
(193, 29, 3, ''),
(194, 139, 4, ''),
(195, 140, 1, 'Vueiv'),
(196, 141, 1, 'Ohgreat'),
(197, 142, 1, 'shasha07'),
(198, 143, 1, 'sman3133'),
(199, 144, 1, 'igor mono'),
(200, 145, 1, 'MetaxLight'),
(201, 146, 1, 'buenoC6'),
(202, 147, 1, 'OPMaRSs'),
(203, 148, 3, ''),
(205, 148, 1, 'Dieumeulder'),
(206, 149, 1, 'Katnus'),
(207, 150, 2, ''),
(208, 150, 4, ''),
(209, 151, 1, 'Hi I Support'),
(210, 152, 1, 'RageManSenior'),
(211, 153, 1, 'XxroroxX'),
(212, 154, 1, 'AsylumCoven'),
(213, 155, 1, 'Fyren87'),
(214, 156, 1, 'handsome smurf'),
(215, 157, 1, 'Beno50'),
(216, 158, 1, 'Shoutmog'),
(217, 159, 1, 'DeadLine56'),
(218, 160, 1, 'THEDEVASTATOR24'),
(219, 161, 1, 'ToSu91'),
(220, 162, 1, 'deadlive'),
(221, 163, 1, 'Loralineee'),
(222, 164, 1, 'Dks liytøse'),
(223, 165, 1, 'samarïtan'),
(224, 166, 1, 'PuLse Olen'),
(225, 167, 1, 'Torakh'),
(226, 168, 1, 'Giovanbaba'),
(227, 169, 1, 'Yasukiro'),
(228, 170, 1, 'RaKyora'),
(229, 171, 1, 'gorgzilla'),
(230, 172, 1, 'Belgium Flag DzX'),
(231, 173, 1, 'MSX Chiną'),
(232, 174, 1, 'qodeX'),
(233, 175, 2, ''),
(234, 12, 2, ''),
(236, 24, 4, ''),
(237, 176, 1, 'Blakcat'),
(238, 177, 1, 'Chills4u'),
(239, 178, 1, 'Morgasmique'),
(240, 179, 1, 'Unexard'),
(241, 180, 1, 'Madixti'),
(242, 181, 1, 'Florentcle'),
(243, 182, 1, 'bryan6mepu'),
(244, 183, 1, 'batllegame'),
(245, 184, 1, 'lTheTrito0nl'),
(246, 185, 2, ''),
(247, 186, 1, 'Artikthor'),
(248, 187, 1, 'ORCEUS'),
(249, 188, 1, 'WindowsBreaker'),
(250, 189, 1, 'wiwi'),
(251, 190, 1, 'dredack'),
(252, 191, 1, 'Macphalin'),
(253, 192, 1, 'LR Kr0usty'),
(254, 193, 1, 'Professor Shen'),
(255, 194, 1, 'Guirlande'),
(256, 195, 1, 'Souloxx'),
(257, 195, 3, ''),
(258, 196, 1, 'SLEVEJOHNSON'),
(259, 197, 1, 'symonstornt'),
(260, 198, 1, 'supertinez'),
(261, 199, 1, 'Broflovsky'),
(262, 200, 1, 'nsa mizark'),
(263, 201, 1, 'o Volgrim o'),
(264, 202, 1, 'subways'),
(265, 203, 1, 'i have big hook'),
(266, 204, 1, 'Louza'),
(267, 205, 1, 'Soyo'),
(268, 206, 1, 'Bùmblebëe'),
(269, 207, 1, 'HyzoWeed'),
(270, 208, 1, 'yellowpit'),
(271, 209, 1, 'KaMoKyu'),
(272, 210, 1, 'beheadedbyme'),
(273, 211, 1, 'luffy0612'),
(274, 50, 2, ''),
(275, 50, 3, ''),
(276, 50, 4, ''),
(307, 130, 1, 'Alcyoal'),
(308, 130, 2, ''),
(321, 6, 1, 'MyBallzAreEmpty'),
(322, 6, 2, ''),
(323, 6, 3, '');

-- --------------------------------------------------------

--
-- Structure de la table `sponsors`
--

CREATE TABLE IF NOT EXISTS `sponsors` (
  `id_sponsor` int(10) unsigned NOT NULL AUTO_INCREMENT,
  `logo` varchar(100) COLLATE utf8_unicode_ci NOT NULL,
  `siteWeb` varchar(255) COLLATE utf8_unicode_ci DEFAULT NULL,
  `description` text COLLATE utf8_unicode_ci,
  PRIMARY KEY (`id_sponsor`)
) ENGINE=InnoDB  DEFAULT CHARSET=utf8 COLLATE=utf8_unicode_ci AUTO_INCREMENT=22 ;

--
-- Contenu de la table `sponsors`
--

INSERT INTO `sponsors` (`id_sponsor`, `logo`, `siteWeb`, `description`) VALUES
(1, 'technique.png', 'http://heh.be/Campus-tec-Categorie-Technique', 'La diversité des voies de formation proposées aux jeunes constitue une richesse qu''il importe de préserver. La finalité propre de l''enseignement supérieur en Communauté française est de préparer les futurs diplômés à s''insérer dans une vie professionnelle où ils seront cadres supérieurs voire indépendants.'),
(2, 'HEHlogo.png', 'http://www.heh.be', 'La Haute Ecole en Hainaut, organisée par la Fédération Wallonie-Bruxelles, offre un enseignement de proximité et dispensé par des enseignants motivés sur nos campus de Mons et Tournai.'),
(5, 'laserGame.png', 'http://www.lasergame-evolution.com/', 'L''équipe du Laser Game Evolution Belgium est heureuse de vous accueillir dans le tout nouveau centre LGEvolution de MONS au complex IMAGIX, où une ambiance conviviale et chaleureuse vous attend dès la salle d''accueil. \r\nVous serez confortablement installé coté bar, ou vous aurez la possibilité de vous mettre devant les télévisions qui retransmettent ce qui se passe dans les labyrinthes en vous installant dans l''un des petits salons. \r\nSans oublier écran géant et musique d''ambiance pour vous mettre dans les meilleures conditions.\r\nLaissez-vous surprendre dans le plus grand labyrinthe de Belgique (900 m²) à la fois obscur et déroutant, constitué de zones réfléchissantes en tous genres, dans un décor futuriste surplombé par différents niveaux, tous les plus déroutant les un des autres.\r\n'),
(6, 'faceNord.png', 'http://www.facenord.be', 'Salle ouverte d’escalade conviviale ouverte depuis septembre 1996 <br>\r\nHauteur réelle : 15m <br> \r\nHauteur développée : 22m <br>\r\nSurface de grimpe : 750 m² + 60m² de bloc (grimpe sans corde)<br>\r\nNombre de cordes : 32 <br>\r\nNombre de voies : de 80 à 90 <br>\r\nCafétéria intégrée à la salle <br> Vestiaires et douches <br>\r\nChauffage tout confort et aération efficace\r\n'),
(7, 'GodefroidNimy.jpg', NULL, 'Michel et son équipe vous accueillent et vous proposent leurs assortiments : Boulangerie, pâtisseries, sandwiches, pralines,...'),
(8, 'NimyOpticien.png', 'http://www.envue.be/fr/membres/nimy-optique.html', 'Envue est un groupement d''Opticiens Indépendants. \r\n\r\nTous nos membres En Vue sont des opticiens optométristes diplômés, vous assurant un service professionnel optimal. \r\n\r\nVenir chez un opticien du groupement EnVue, c''est l''assurance d''un travail soigné et d''un conseil personnalisé. \r\n\r\nVous trouverez un opticien EnVue dans votre région, prêt à vous accueillir et à vous servir au mieux. '),
(9, 'scientia.png', 'http://www.librairiescientia.eu', 'La Librairie Scientia existe depuis plus de 30 ans.\r\nLa librairie est spécialisée dans la littérature technique et scientifique.             \r\n<br>\r\nCelle-ci propose un très grand choix de livres dans les domaines suivants:<br>\r\n•	Littérature générale <br>\r\n•	Sciences & Techniques <br>\r\n•	Scolaire <br>\r\n•	Loisirs & Divertissements <br>\r\n•	Etc. \r\n'),
(10, 'snacklido.png', 'http://www.guido.be/fr/GuideUrbain/DetailGuide/tabid/167/FiliaalID/32315/CategoryId/2/SubCategoryId/-1/CityId/14/OrderBy/0/Default.aspx', 'Réputé pour son large choix, son service rapide et son spacieux espace de restauration, Le Snack du Lido fait le bonheur des étudiants en étant toujours ouvert, même durant les jours fériés. L’hygiène et la qualité sont au rendez-vous dans toutes les préparations: sandwiches, cornets de pâtes, snacks de friteries, grillades, hamburgers et frites. Tu pourras également confectionner ton assiette en choisissant le nombre de brochettes, tes crudités, etc. Le tout est dans une gamme de prix très démocratiques, à manger sur place ou à emporter. '),
(11, 'stNic.png', 'http://www.guido.be/fr/GuideUrbain/DetailGuide/tabid/167/FiliaalID/33858/CategoryId/1/SubCategoryId/-1/CityId/14/OrderBy/0/Default.aspx', 'Le café Saint-Nicolas, communément appelé Saint-Nic, est très populaire auprès des étudiants. Ici, tu viens boire une bonne bière avec tes amis, dans un cadre convivial et accueillant. N’hésite pas à y passer dans l’après-midi, tu retrouveras très certainement quelqu’un que tu connais et pourras profiter du wifi, disponible gratuitement. Le lundi, tous les étudiants affluent dans le bar puisque la bière est à 1 € seulement! Si tu as une petite faim, n’hésite pas à te rendre à l’étage où La Cuisine de Grand-Mère (Cfr. Gastronomie Classique) te préparera un bon petit plat. Une soirée à organiser? Renseigne toi, le Saint-Nic offre la possibilité de louer la salle. '),
(12, 'technofutur.jpg', 'http://www.technocampus.be/', 'TechnoCampus se veut le centre de référence en matière de formation et de sensibilisation aux métiers technologiques. <br>\r\n\r\nAvec ses sites de Charleroi, Mons et Strépy, TechnoCampus est l’un des centres principaux de formation aux métiers du futur de Wallonie. La réindustrialisation est un thème repris par toutes les forces vives de la région wallonne, du pays et de l’Europe. Le rôle de formation des talents du futur aux technologies nouvelles, est essentiel pour l’avenir de la Région. Notre vision intègre étroitement les objectifs sectoriels du plan Marshall 2.vert, en matière d’emploi, de formation et de veille en matière de métiers technologiques.'),
(13, 'cassecroutelido.png', 'www.cassecroutedulido.be', 'Vous propose des sandwichs, des salades, des pizzas, des menus composés, des viennoiseries, des desserts ainsi que des boissons.<br>\r\nTous nos sandwichs sont réalisés avec du pain cuit sur place et des ingrédients de première qualité !<br>\r\nVenez découvrir nos sandwichs spéciaux et artisanaux ainsi que nos pains surprises !<br>\r\nUne réunion...pas le temps de prendre une pause...? Nous vous proposons un service livraison aux entreprises !<br>\r\nDécouvrez dés à présent notre service de commande en ligne en cliquant sur notre logo. <br>\r\nNous vous souhaitons un très bon appétit !<br>\r\nLeCasseCroûte a le plaisir de vous accueillir du lundi au vendredi de 7h00 à 18h00 et le samedi de 10h00 à 18h00. Fermé le dimanche et les jours fériés <br>\r\nContact : 065 88 58 34\r\n'),
(14, 'siteafaim.png', 'http://www.lesiteafaim.com/', 'Sympathique sandwicherie à deux pas de la Grand-Place, cet établissement permet de se restaurer sur place (24 pl.assisses) dans un cadre calme et agréable ou d''emporter votre sandwich au bureau.'),
(15, 'PizzaHut.jpg', 'http://www.pizzahut.be/la-carte/pizzas.html', 'Restaurant & vente a emporter. Rendez-vous dans nos restaurants. Entrez. Livraison & vente a emporter. Votre pizza livrée en quelques clics.\r\n<br><br>\r\nDelivery Mons <br>\r\nPlace Léopold 7<br>\r\n7000 Mons<br>\r\n<br><br>\r\nTel:\r\n065/23.50.50'),
(16, 'smartoys.jpg', 'http://www.smartoys.be/catalog/shops_information.php?sid=70', 'Magasin de jeux vidéo conviviale et  spécialisé dans la vente de produits neufs, occasions et rétros. Venez y chercher vos jeux, matos et de bons conseils ;)\r\n<br><br>\r\nAdresse :<br>\r\n&nbsp;&nbsp;&nbsp;&nbsp;&nbsp;&nbsp;&nbsp;Rue des Fripiers 18<br>\r\n&nbsp;&nbsp;&nbsp;&nbsp;&nbsp;&nbsp;&nbsp;7000 Mons\r\n<br><br>\r\nHoraires: du lundi au samedi , 11:00 - 19:00<br>\r\nTéléphone : 065 31 86 78\r\n'),
(17, 'next.png', 'http://www.nextmons.be/', 'Depuis 1998, Next est spécialiste en multimédia. Avec notre palette de nombreuses marques, nous garantissons un large choix de produits et de prix.\r\n<br><br>\r\nPlus que jamais, la technologie domestique se développe au service d'' un meilleur confort de vie. Notre choix est de vous accompagner dans l''amélioration de votre cadre de vie et de développement de vos loisirs.\r\nNotre passion et notre raison d''être sont de vous proposer des solutions complètes et personnalisées.\r\n'),
(18, 'laruche.png', '', 'La sandwicherie La Ruche t’accueille dans une ambiance sympathique et familiale où tu auras un vaste choix de sandwiches.  Sandwiches chauds, froids, pizzetas, paninis, etc. Le tout à petits prix.'),
(19, 'borgno.jpg', 'http://www.funeraillesborgno.be/', 'La vie est un long fleuve tranquille qui mène doucement vers l''océan de l''éternité. A l''embouchure, les funérailles Borgno seront présentes pour que la transition se fasse en douceur pour vos proches.'),
(20, 'valexgroup.jpg', 'http://www.valexgroup.be/', 'Valex informatique est une société de services informatiques,de vente de matériel professionnel et semi-professionnel.\r\n<br><br>\r\nPlus de 15 ans d''expérience dans les domaines réseaux, pc, serveurs et printing.\r\n\r\nNotre équipe gère l''entièreté du système informatique de votre PME, entreprise, ASBL ou école.<br><br>\r\nNos spécialistes informatiques vous conseillent, vous dépannent et effectuent la maintenance de votre infrastructure informatique\r\nUne équipe motivée, dynamique, consciensieuse, expérimentée et spécialisée est à votre service.\r\nNous vous proposons des solutions adaptées à vos besoins.'),
(21, 'tpsono.jpg', 'http://www.tp-sonorisation.be/', 'Fort de plusieurs années d’experiences et de dizaines de prestations dans le domaine du son, de la lumière, du laser et de la structure, nous recherchons avec vous les meilleurs compromis afin de faire de votre projet un moment inoubliable.<br>\r\nTP Sonorisation est votre partenaire privilégié dans la conception et la réalisation d’une solution technique pour votre évènement dans la région de Mons, Ath, Tournai … Mais nous pouvons nous déplacer, n’hésitez pas à nous contacter !');

-- --------------------------------------------------------

--
-- Structure de la table `tournoi`
--

CREATE TABLE IF NOT EXISTS `tournoi` (
  `id_tournoi` int(10) unsigned NOT NULL AUTO_INCREMENT,
  `nomTournoi` varchar(255) NOT NULL,
  `joueurParTeam` int(11) NOT NULL,
  `reglement` text NOT NULL,
  `teamParMatch` int(11) NOT NULL,
  `nombreManche` int(11) NOT NULL,
  PRIMARY KEY (`id_tournoi`)
) ENGINE=InnoDB  DEFAULT CHARSET=utf8 AUTO_INCREMENT=5 ;

--
-- Contenu de la table `tournoi`
--

INSERT INTO `tournoi` (`id_tournoi`, `nomTournoi`, `joueurParTeam`, `reglement`, `teamParMatch`, `nombreManche`) VALUES
(1, 'League of Legends', 5, 'crush nexus to win da game', 2, 1),
(2, 'COD4', 5, 'Camp to win', 2, 3),
(3, 'Trackmania', 1, 'Run bitch, run', 10, 3),
(4, 'HearthStone', 1, 'Cards', 2, 1);

--
-- Contraintes pour les tables exportées
--

--
-- Contraintes pour la table `equipes_joueur`
--
ALTER TABLE `equipes_joueur`
  ADD CONSTRAINT `equipes_joueur_ibfk_3` FOREIGN KEY (`id_joueur`) REFERENCES `joueurs` (`id_joueur`) ON DELETE CASCADE ON UPDATE CASCADE,
  ADD CONSTRAINT `equipes_joueur_ibfk_4` FOREIGN KEY (`id_equipes`) REFERENCES `equipes` (`id_equipes`) ON DELETE CASCADE ON UPDATE CASCADE;

--
-- Contraintes pour la table `joueurtournoi`
--
ALTER TABLE `joueurtournoi`
  ADD CONSTRAINT `joueurtournoi_ibfk_4` FOREIGN KEY (`id_joueur`) REFERENCES `joueurs` (`id_joueur`) ON DELETE CASCADE ON UPDATE CASCADE,
  ADD CONSTRAINT `joueurtournoi_ibfk_5` FOREIGN KEY (`id_tournoi`) REFERENCES `tournoi` (`id_tournoi`) ON DELETE CASCADE ON UPDATE CASCADE;

/*!40101 SET CHARACTER_SET_CLIENT=@OLD_CHARACTER_SET_CLIENT */;
/*!40101 SET CHARACTER_SET_RESULTS=@OLD_CHARACTER_SET_RESULTS */;
/*!40101 SET COLLATION_CONNECTION=@OLD_COLLATION_CONNECTION */;
